timestamp,trading_pair,direction,price,quantity,account_balance_change,status,mode,event,size_usd,realized_pnl,cash_change,cash_after,equity_after,fill_id,position_id,label,source,signal_type,exit_status
2026-09-09T13:20:07.412654+00:00,XAG/USDT:USDT,short,67.2,1.488095238095,0,filled,hub_demo,open,100,0,-100,9827.573445,9927.573445,fill_48beb6c95aca,pos_f042d85cb893,DEMO,hub_demo,LEVEL_CROSS_UP,
2026-09-09T13:31:26.670514+00:00,SKHY/USDT:USDT,short,189.47,0.527788040323,0,filled,hub_demo,open,100,0,-100,9727.573445,9927.573445,fill_5042a442867b,pos_728ee2f3003f,DEMO,hub_demo,LEVEL_CROSS_UP,
2026-09-09T13:45:21.580791+00:00,DOGE/USDT:USDT,short,0.09127,1095.650268434316,0,filled,hub_demo,open,100,0,-100,9627.573445,9927.573445,fill_3e44a6536ff8,pos_64f932cac74d,DEMO,hub_demo,BEARISH_DIV,
2026-09-09T13:48:35.574303+00:00,SKHY/USDT:USDT,short,193.1,0.527788040323,-1.91587059,filled,paper_shadow,close,100,-1.91587059,98.08412941,9725.65757441,9925.65757441,fill_601732fc9b4e,pos_728ee2f3003f,DEMO,paper_shadow,LEVEL_CROSS_UP,sl_hit
2026-09-09T14:01:31.476222+00:00,MSTR/USDT:USDT,long,136.56,0.732278851787,0,filled,hub_demo,open,100,0,-100,9625.65757441,9925.65757441,fill_913291f572d6,pos_b3eff2f55f06,DEMO,hub_demo,LEVEL_CROSS_DOWN,
2026-09-09T15:12:18.622428+00:00,ADA/USDT:USDT,long,0.2151,464.900046490005,0,filled,hub_demo,open,100,0,-100,9525.65757441,9925.65757441,fill_3a9ee1d8b8c9,pos_ffa8c4be2846,DEMO,hub_demo,LEVEL_CROSS_DOWN,
2026-09-09T15:22:38.998321+00:00,XRP/USDT:USDT,long,1.4062,71.113639596074,0,filled,hub_demo,open,100,0,-100,9425.65757441,9925.65757441,fill_a5eb6042873f,pos_36de67cc411f,DEMO,hub_demo,LEVEL_CROSS_DOWN,
2026-09-09T15:22:53.620769+00:00,DOGE/USDT:USDT,short,0.0891828571,1095.650268434316,2.28677863,filled,hub_demo,close,100,2.28677863,102.28677863,9527.94435305,9927.94435305,fill_c6e7bfea82d1,pos_64f932cac74d,DEMO,hub_demo,BEARISH_DIV,trailing_hit
2026-09-09T15:22:54.959296+00:00,MSTR/USDT:USDT,long,133.29,0.732278851787,-2.39455185,filled,paper_shadow,close,100,-2.39455185,97.60544815,9625.5498012,9925.5498012,fill_6a5ba8f15bea,pos_b3eff2f55f06,DEMO,paper_shadow,LEVEL_CROSS_DOWN,sl_hit
2026-09-09T15:24:03.189075+00:00,PEPE/USDT:USDT,long,0.0000035569,28114369.254125781357,0,filled,hub_demo,open,100,0,-100,9525.5498012,9925.5498012,fill_919f3987d6fc,pos_a981d79f316e,DEMO,hub_demo,LEVEL_CROSS_DOWN,
2026-09-09T16:31:13.221206+00:00,ETH/USDT:USDT,long,2478.53,0.040346495705,0,filled,hub_demo,open,100,0,-100,9425.5498012,9925.5498012,fill_d85cc625fc6c,pos_55a1a13d9b2e,DEMO,hub_demo,BULLISH_DIV,
2026-09-09T16:31:19.951614+00:00,LINK/USDT:USDT,long,11.925,8.385744234801,0,filled,hub_demo,open,100,0,-100,9325.5498012,9925.5498012,fill_6ca0a710b921,pos_c1480c23dc38,DEMO,hub_demo,BULLISH_DIV,
2026-09-09T19:30:02.362976+00:00,NEAR/USDT:USDT,short,2.6181,38.195638058134,0,filled,hub_demo,open,100,0,-100,9225.5498012,9925.5498012,fill_ccab3d0b8afb,pos_381a860ea8f9,DEMO,hub_demo,BEARISH_DIV,
2026-09-09T19:35:41.632192+00:00,NEAR/USDT:USDT,short,2.5712714286,38.195638058134,1.78864717,filled,hub_demo,close,100,1.78864717,101.78864717,9327.33844837,9927.33844837,fill_a37f89fbc745,pos_381a860ea8f9,DEMO,hub_demo,BEARISH_DIV,trailing_hit
2026-09-09T21:15:19.165596+00:00,NVDA/USDT:USDT,long,223.81,0.446807559984,0,filled,hub_demo,open,100,0,-100,9227.33844837,9927.33844837,fill_ae3f212498de,pos_df8058635937,DEMO,hub_demo,BULLISH_DIV,
2026-09-09T21:21:53.950173+00:00,XAG/USDT:USDT,short,67.52,1.488095238095,-0.47619048,filled,hub_demo,close,100,-0.47619048,99.52380952,9326.86225789,9926.86225789,fill_73ffc3d9d70e,pos_f042d85cb893,DEMO,hub_demo,LEVEL_CROSS_UP,trailing_hit
2026-09-09T21:30:48.754742+00:00,DOGE/USDT:USDT,long,0.08631,1158.614297300429,0,filled,hub_demo,open,100,0,-100,9226.86225789,9926.86225789,fill_bb10a1b2ea9b,pos_681560d83f54,DEMO,hub_demo,BULLISH_DIV,
2026-09-09T21:49:31.474347+00:00,PEPE/USDT:USDT,long,0.0000034822,28114369.254125781357,-2.10014338,filled,paper_shadow,close,100,-2.10014338,97.89985662,9324.76211451,9924.76211451,fill_63c53fcb59e1,pos_a981d79f316e,DEMO,paper_shadow,LEVEL_CROSS_DOWN,sl_hit
2026-09-09T21:49:33.321119+00:00,LINK/USDT:USDT,long,11.701,8.385744234801,-1.87840671,filled,paper_shadow,close,100,-1.87840671,98.12159329,9422.8837078,9922.8837078,fill_b5f7d42754b0,pos_c1480c23dc38,DEMO,paper_shadow,BULLISH_DIV,sl_hit
2026-09-09T22:01:06.925661+00:00,TSLA/USDT:USDT,long,367.57,0.272057023152,0,filled,hub_demo,open,100,0,-100,9322.8837078,9922.8837078,fill_a22af7ef2c7a,pos_9902f1762ac9,DEMO,hub_demo,BULLISH_DIV,
2026-09-09T22:09:00.952744+00:00,ADA/USDT:USDT,long,0.2093,464.900046490005,-2.69642027,filled,paper_shadow,close,100,-2.69642027,97.30357973,9420.18728753,9920.18728753,fill_021281c2fdf8,pos_ffa8c4be2846,DEMO,paper_shadow,LEVEL_CROSS_DOWN,sl_hit
2026-09-09T22:10:23.833637+00:00,XRP/USDT:USDT,long,1.3898,71.113639596074,-1.16626369,filled,paper_shadow,close,100,-1.16626369,98.83373631,9519.02102384,9919.02102384,fill_93a9f466560b,pos_36de67cc411f,DEMO,paper_shadow,LEVEL_CROSS_DOWN,sl_hit
2026-09-09T23:15:46.544919+00:00,BTC/USDT:USDT,long,77830.1,0.001284849949,0,filled,hub_demo,open,100,0,-100,9419.02102384,9919.02102384,fill_93e781104092,pos_8d4b46fe546f,DEMO,hub_demo,BULLISH_DIV,
2026-09-09T23:15:50.563000+00:00,HYPE/USDT:USDT,long,83.164,1.202443364918,0,filled,hub_demo,open,100,0,-100,9319.02102384,9919.02102384,fill_98a8dee1cafc,pos_d23ab9080b7f,DEMO,hub_demo,BULLISH_DIV,
2026-09-09T23:32:58.370528+00:00,XAU/USDT:USDT,long,4399.05,0.022732180812,0,filled,hub_demo,open,100,0,-100,9219.02102384,9919.02102384,fill_fa9f3ddcac49,pos_d6c651536296,DEMO,hub_demo,LEVEL_CROSS_DOWN,
2026-09-10T00:33:34.701029+00:00,ETH/USDT:USDT,long,2464.19,0.040346495705,-0.57856875,filled,hub_demo,close,100,-0.57856875,99.42143125,9318.44245509,9918.44245509,fill_c8d99348cdff,pos_55a1a13d9b2e,DEMO,hub_demo,BULLISH_DIV,trailing_hit
2026-09-10T00:56:58.960537+00:00,KORU/USDT:USDT,long,23.649,4.228508605015,0,filled,hub_demo,open,100,0,-100,9218.44245509,9918.44245509,fill_bbe384e5623b,pos_e70fecfaa210,DEMO,hub_demo,LEVEL_CROSS_DOWN,
2026-09-10T01:14:18.604047+00:00,KORU/USDT:USDT,long,23.193,4.228508605015,-1.92819992,filled,hub_demo,close,100,-1.92819992,98.07180008,9316.51425517,9916.51425517,fill_ca60b8591682,pos_e70fecfaa210,DEMO,hub_demo,LEVEL_CROSS_DOWN,sl_hit
2026-09-10T02:31:08.981878+00:00,SNDK/USDT:USDT,long,1740.21,0.057464329018,0,filled,hub_demo,open,100,0,-100,9216.51425517,9916.51425517,fill_63c0214e6b34,pos_fa64450a9704,DEMO,hub_demo,BULLISH_DIV,
2026-09-10T04:30:59.167751+00:00,PEPE/USDT:USDT,short,0.0000034814,28724076.52093982324,0,filled,hub_demo,open,100,0,-100,9116.51425517,9916.51425517,fill_b8b0f3c9df59,pos_cd3ba03f0b93,DEMO,hub_demo,BEARISH_DIV,
2026-09-10T05:17:42.176248+00:00,NVDA/USDT:USDT,long,223.81,0.446807559984,0,filled,hub_demo,close,100,0,100,9216.51425517,9916.51425517,fill_4c6546658053,pos_df8058635937,DEMO,hub_demo,BULLISH_DIV,trailing_hit
2026-09-10T05:32:28.098390+00:00,DOGE/USDT:USDT,long,0.08631,1158.614297300429,0,filled,hub_demo,close,100,0,100,9316.51425517,9916.51425517,fill_50e7eee18d3b,pos_681560d83f54,DEMO,hub_demo,BULLISH_DIV,trailing_hit
2026-09-10T06:03:10.474730+00:00,TSLA/USDT:USDT,long,367.57,0.272057023152,0,filled,hub_demo,close,100,0,100,9416.51425517,9916.51425517,fill_983ee6194c3d,pos_9902f1762ac9,DEMO,hub_demo,BULLISH_DIV,trailing_hit
2026-09-10T07:17:31.390777+00:00,HYPE/USDT:USDT,long,83.164,1.202443364918,0,filled,hub_demo,close,100,0,100,9516.51425517,9916.51425517,fill_a357ef83fa9d,pos_d23ab9080b7f,DEMO,hub_demo,BULLISH_DIV,trailing_hit
2026-09-10T08:01:03.384402+00:00,LINK/USDT:USDT,short,11.858,8.433125316242,0,filled,hub_demo,open,100,0,-100,9416.51425517,9916.51425517,fill_1164df282e83,pos_ee9250024ae7,DEMO,hub_demo,BEARISH_DIV,
2026-09-10T08:46:54.332204+00:00,XAU/USDT:USDT,long,4399.05,0.022732180812,0,filled,paper_shadow,close,100,0,100,9516.51425517,9916.51425517,fill_09b9f04c95bf,pos_d6c651536296,DEMO,paper_shadow,LEVEL_CROSS_DOWN,trailing_hit
2026-09-10T10:30:09.106759+00:00,NVDA/USDT:USDT,short,223.58,0.447267197424,0,filled,hub_demo,open,100,0,-100,9416.51425517,9916.51425517,fill_8469cf01bcc4,pos_972d37979d5a,DEMO,hub_demo,BEARISH_DIV,
2026-09-10T10:34:08.913265+00:00,BTC/USDT:USDT,long,77830.1,0.001284849949,0,filled,paper_shadow,close,100,0,100,9516.51425517,9916.51425517,fill_6f0dbef12031,pos_8d4b46fe546f,DEMO,paper_shadow,BULLISH_DIV,trailing_hit
2026-09-10T11:02:35.867027+00:00,SNDK/USDT:USDT,long,1740.21,0.057464329018,0,filled,paper_shadow,close,100,0,100,9616.51425517,9916.51425517,fill_e9eb12a65e02,pos_fa64450a9704,DEMO,paper_shadow,BULLISH_DIV,trailing_hit
2026-09-10T12:31:00.154784+00:00,PEPE/USDT:USDT,short,0.000003382,28724076.52093982324,2.85589131,filled,hub_demo,close,100,2.85589131,102.85589131,9719.37014647,9919.37014647,fill_e43511b7cde5,pos_cd3ba03f0b93,DEMO,hub_demo,BEARISH_DIV,trailing_hit
2026-09-10T12:47:44.555423+00:00,LINK/USDT:USDT,short,11.5470357143,8.433125316242,2.62240079,filled,hub_demo,close,100,2.62240079,102.62240079,9821.99254726,9921.99254726,fill_4dc332d88bcd,pos_ee9250024ae7,DEMO,hub_demo,BEARISH_DIV,trailing_hit
2026-09-10T19:00:04.373441+00:00,UNI/USDT:USDT,short,6.06,82.508250825083,0,filled,hub_demo,open,500,0,-500,9321.99254726,9921.99254726,fill_da277f7474ba,pos_24e12c9de53a,DEMO,hub_demo,BEARISH_DIV,
2026-09-10T19:30:07.608372+00:00,AAPL/USDT:USDT,short,324.4,1.54130702836,0,filled,hub_demo,open,500,0,-500,8821.99254726,9921.99254726,fill_858c076ebbd7,pos_4b5efaabacfe,DEMO,hub_demo,BEARISH_DIV,
2026-09-10T19:30:10.275125+00:00,GOOGL/USDT:USDT,short,332.31,1.504619180885,0,filled,hub_demo,open,500,0,-500,8321.99254726,9921.99254726,fill_29694ec48de3,pos_98514c51f5aa,DEMO,hub_demo,BEARISH_DIV,
2026-09-10T19:50:17.600210+00:00,NVDA/USDT:USDT,short,219.0179,0.447267197424,2.04047768,filled,hub_demo,close,100,2.04047768,102.04047768,8424.03302495,9924.03302495,fill_eeec4d45c533,pos_972d37979d5a,DEMO,hub_demo,BEARISH_DIV,trailing_hit
2026-09-10T21:45:04.084869+00:00,AVAX/USDT:USDT,short,7.61,65.703022339028,0,filled,hub_demo,open,500,0,-500,7924.03302495,9924.03302495,fill_0b1fe544fdfd,pos_c5d73b203ba2,DEMO,hub_demo,BEARISH_DIV,
2026-09-10T21:45:06.130842+00:00,SHIB/USDT:USDT,short,0.000005109,97866510.080250546336,0,filled,hub_demo,open,500,0,-500,7424.03302495,9924.03302495,fill_ac7f909df8e1,pos_a4969fabd5cd,DEMO,hub_demo,BEARISH_DIV,
2026-09-10T21:45:09.170422+00:00,BCH/USDT:USDT,short,226.99,2.20274020882,0,filled,hub_demo,open,500,0,-500,6924.03302495,9924.03302495,fill_1be91da84345,pos_5685f3059925,DEMO,hub_demo,BEARISH_DIV,
2026-09-11T01:30:05.918620+00:00,龙虾/USDT:USDT,short,0.039225,12060.647829083427,0,filled,hub_demo,open,473.0789111,0,-473.0789111,6450.95411385,9924.03302495,fill_9ce4e4bed212,pos_005e75103c2a,DEMO,hub_demo,BEARISH_DIV,
2026-09-11T02:35:01.973611+00:00,龙虾/USDT:USDT,short,0.040163,12060.647829083427,-11.31288766,filled,hub_demo,close,473.0789111,-11.31288766,461.76602343,6912.72013728,9912.72013728,fill_af4af4274b94,pos_005e75103c2a,DEMO,hub_demo,BEARISH_DIV,sl_hit
2026-09-11T03:30:50.308036+00:00,AAPL/USDT:USDT,short,324.4,1.54130702836,0,filled,hub_demo,close,500,0,500,7412.72013728,9912.72013728,fill_1ff5e8c7dd14,pos_4b5efaabacfe,DEMO,hub_demo,BEARISH_DIV,trailing_hit
2026-09-11T04:14:39.972758+00:00,UNI/USDT:USDT,short,6.06,82.508250825083,0,filled,paper_shadow,close,500,0,500,7912.72013728,9912.72013728,fill_4d73f6e22b80,pos_24e12c9de53a,DEMO,paper_shadow,BEARISH_DIV,trailing_hit
2026-09-11T05:46:00.485793+00:00,BCH/USDT:USDT,short,226.99,2.20274020882,0,filled,hub_demo,close,500,0,500,8412.72013728,9912.72013728,fill_d791465c5bb1,pos_5685f3059925,DEMO,hub_demo,BEARISH_DIV,trailing_hit
2026-09-11T05:54:33.851684+00:00,GOOGL/USDT:USDT,short,332.31,1.504619180885,0,filled,hub_demo,close,500,0,500,8912.72013728,9912.72013728,fill_2f4b13a2450d,pos_98514c51f5aa,DEMO,hub_demo,BEARISH_DIV,trailing_hit
2026-09-11T07:00:08.225482+00:00,SAMSUNG/USDT:USDT,short,193.6,2.582644628099,0,filled,hub_demo,open,500,0,-500,8412.72013728,9912.72013728,fill_d564ecb34563,pos_c3f5e26a75ab,DEMO,hub_demo,BEARISH_DIV,
2026-09-11T08:21:37.377211+00:00,AVAX/USDT:USDT,short,7.48,65.703022339028,8.5413929,filled,paper_shadow,close,500,8.5413929,508.5413929,8921.26153019,9921.26153019,fill_eb8fc2020ae5,pos_c5d73b203ba2,DEMO,paper_shadow,BEARISH_DIV,exchange_closed
2026-09-11T08:21:37.720190+00:00,SHIB/USDT:USDT,short,0.00000509,97866510.080250546336,1.85946369,filled,paper_shadow,close,500,1.85946369,501.85946369,9423.12099388,9923.12099388,fill_2492333be844,pos_a4969fabd5cd,DEMO,paper_shadow,BEARISH_DIV,exchange_closed
2026-09-11T08:21:38.039190+00:00,SAMSUNG/USDT:USDT,short,193.92,2.582644628099,-0.82644628,filled,paper_shadow,close,500,-0.82644628,499.17355372,9922.2945476,9922.2945476,fill_677719b773c4,pos_c3f5e26a75ab,DEMO,paper_shadow,BEARISH_DIV,exchange_closed
2026-09-11T08:30:09.775992+00:00,LTC/USDT:USDT,short,53.25,9.389671361502,0,filled,hub_demo,open,500,0,-500,9422.2945476,9922.2945476,fill_8eced36336e4,pos_5d1247125be5,DEMO,hub_demo,BEARISH_DIV,
2026-09-11T08:50:15.289150+00:00,LTC/USDT:USDT,short,52.99,9.389671361502,15.17229438,filled,paper_shadow,close,500,15.17229438,515.17229438,9937.46684198,9937.46684198,fill_86b34a4421fc,pos_5d1247125be5,DEMO,paper_shadow,BEARISH_DIV,exchange_closed
2026-09-11T12:33:46.091362+00:00,BTC/USDT:USDT,long,76893.2,0.001300505116,0,filled,hub_demo,open,100,0,-100,9837.46684198,9937.46684198,fill_8c7f803951c8,pos_ae8feb280c15,DEMO,hub_demo,BULLISH_DIV,
2026-09-11T12:35:09.446694+00:00,BTC/USDT:USDT,long,77127.97,0.001300505116,0.30531959,filled,hub_demo,close,100,0.30531959,100.30531959,9937.77216156,9937.77216156,fill_1ba64b691478,pos_ae8feb280c15,DEMO,hub_demo,,exchange_closed
2026-09-12T01:45:04.218010+00:00,TRX/USDT:USDT,short,0.33942,1473.101172588529,0,filled,hub_demo,open,500,0,-500,9437.77216156,9937.77216156,fill_16cd4c713b08,pos_4c018a4c06ec,DEMO,hub_demo,BEARISH_DIV,
2026-09-12T01:45:11.545996+00:00,龙虾/USDT:USDT,short,0.074893,3701.569628859611,0,filled,hub_demo,open,277.22165421,0,-277.22165421,9160.55050735,9937.77216156,fill_e9c2d05435aa,pos_9842513c63f2,DEMO,hub_demo,LEVEL_CROSS_UP,
2026-09-12T01:45:13.696937+00:00,龙虾/USDT:USDT,short,0.074778,3701.569628859611,0.42568051,filled,hub_demo,close,277.22165421,0.42568051,277.64733472,9438.19784207,9938.19784207,fill_abff970437e7,pos_9842513c63f2,DEMO,hub_demo,LEVEL_CROSS_UP,sl_hit
2026-09-12T09:45:08.782326+00:00,TRX/USDT:USDT,short,0.33942,1473.101172588529,0,filled,hub_demo,close,500,0,500,9938.19784207,9938.19784207,fill_cea4137be258,pos_4c018a4c06ec,DEMO,hub_demo,BEARISH_DIV,trailing_hit
2026-09-14T09:15:08.233867+00:00,COIN/USDT:USDT,short,175.77,2.84462650054,0,filled,hub_demo,open,500,0,-500,9438.19784207,9938.19784207,fill_3e3582507a5a,pos_2d5c22849444,DEMO,hub_demo,BEARISH_DIV,
2026-09-14T11:32:30.111246+00:00,COIN/USDT:USDT,short,179.36,2.84462650054,-10.21220914,filled,paper_shadow,close,500,-10.21220914,489.78779086,9927.98563293,9927.98563293,fill_6a49d1fc1d69,pos_2d5c22849444,DEMO,paper_shadow,BEARISH_DIV,sl_hit
2026-09-14T14:30:10.905879+00:00,HOOD/USDT:USDT,long,113.79,4.394059231918,0,filled,hub_demo,open,500,0,-500,9427.98563293,9927.98563293,fill_6b095f20ad07,pos_5200a9fc4f34,DEMO,hub_demo,BULLISH_DIV,
2026-09-15T03:17:10.696182+00:00,HOOD/USDT:USDT,long,113.77,4.394059231918,-0.08788118,filled,hub_demo,close,500,-0.08788118,499.91211882,9927.89775175,9927.89775175,fill_c73e8d6cc6d5,pos_5200a9fc4f34,DEMO,hub_demo,BULLISH_DIV,exchange_closed
